Fecha,PCE CYOY Index,CPI XYOY Index,IPC services - CSXHSPCY Index,Salarios - AHE YOY% Index,Unit Labor Cost - COSTNFR% Index,Nominas - NFP TCH Index,Tasa de desempleo - USURTOT  Index,ISM servicios - NAPMNMI  Index,ISM Manuf - NAPMPMI Index,ISM prices paid - NAPMNPRC Index,Ventas al detalle - RSTAXAGM Index,Viviendas nuevas - NHSLTOT Index,GDP Real YoY - EHGDUSY Index,Chicago Activity - CFNAI Index,Foreign holdings - FARBTRSE Index,Leading indicator - LEI YoY Index,Indice condiciones financieras - NFCIINDX Index,NFIB planes precios - SBOIPPNP Index,Estandares crédito - NFCIACRE Index,S&P 500 - SPX Index,Planned layoffs - CHALTOTL Index,Claims 4w - INJCJC Index,Expectativas consumidor - CONSEXP Index,M2 (money supply) - M2% YoY Index,Ordenes bienes exc aircraft - CGNOXAI% Index,Nuevos permisos de construcción - NHSPATOT Index,Optimismo de las empresas pequeñas - SBOITOTL Index,Planes de gasto empresas pequeñas - SBOICAPS Index,Morosidad tarjetas 30d - DELQUS30 Index,Nuevas órdenes (ISM) - NAPMNEWO Index,Respondents Tightening - SLDETIGT Index,US Budget Balance (% GDP) - EHBBUSY Index,USGG3M Index,USGG6M Index,USGG12M Index,USGG2Y Index,USGG3Y Index,USGG5YR Index,USGG10YR Index,USGG30YR Index,Tasa de Politica Monetaria - FDTR Index,FED sentiment - BIFIFEDA Index,2-Yr US Treasury Notes Net Non-Commercial Futures Positions - CBT42NCN Index
2/28/2013,0.0156013,0.02,0.0299,0.021,0.124,285,0.077,56.6,54.2,59.9,0.3,447,0.023,0.24,2956833,0.016,-0.6358449,22,-0.004182,1514.68,55356,342,70.2,0.073,-0.054,980,90.9,24,2.27,58.9,-7.4,-6.5,0.001014,0.001217,0.001522,0.002343,0.003431,0.007612,0.018756,0.030856,0.0025,-18.6,139976
3/31/2013,0.0148074,0.019,0.029,0.019,-0.077,142,0.075,55.9,51.9,55.6,-0.4,444,0.023,-0.27,2951067,0.009,-0.6579425,17,-0.004147,1569.19,49255,375,70.8,0.074,-0.004,936,90,23,2.17,52.3,-7.4,-6.5,0.00071,0.001014,0.001218,0.002421,0.003484,0.007644,0.018486,0.031023,0.0025,-18.6,151606
4/30/2013,0.0137706,0.017,0.025,0.021,-0.077,186,0.076,54.3,51,53.8,-0.4,441,0.023,-0.31,2944620,0.018,-0.7025125,17,-0.004094,1597.57,38121,331,67.8,0.071,0.032,1012,91.7,22,2.05,53,-19.1,-6.5,0.000456,0.000761,0.001015,0.002074,0.003058,0.00676,0.016717,0.028762,0.0025,-16.49,46631
5/31/2013,0.0139292,0.017,0.0241,0.021,-0.077,214,0.075,54.8,50.8,53,0.5,428,0.023,0.15,2972117,0.019,-0.6925466,15,-0.004129,1630.74,36398,346,75.8,0.07,0.021,1003,94,23,1.94,52.1,-19.1,-6.5,0.000253,0.000609,0.001269,0.002933,0.004851,0.010177,0.021282,0.032791,0.0025,-13.35,-17137
6/30/2013,0.0146365,0.016,0.0222,0.021,0.037,179,0.075,53.6,51.1,53.7,0,470,0.023,-0.15,2948486,0.023,-0.6174787,18,-0.003887,1606.28,39372,340,77.8,0.068,0.001,942,94,24,1.89,52,-19.1,-6.5,0.000304,0.000913,0.001421,0.003554,0.00647,0.013945,0.024857,0.034994,0.0025,-13.35,-9812
7/31/2013,0.0148796,0.017,0.0239,0.02,0.037,122,0.073,55.2,53.8,55.3,0.6,375,0.023,-0.53,2917987,0.026,-0.6607797,15,-0.00349,1685.73,37701,334,76.5,0.066,-0.048,997,94.4,25,1.88,56.4,-18.1,-6.5,0.000355,0.000659,0.001015,0.003089,0.005903,0.013782,0.025762,0.036353,0.0025,-9.28,45908
8/31/2013,0.0153325,0.018,0.0239,0.023,0.037,243,0.072,55.3,54,53.5,0,381,0.023,0.3,2929385,0.035,-0.6561428,18,-0.003528,1632.97,50462,325,73.7,0.064,-0.005,964,94,26,1.86,58,-18.1,-6.5,0.000203,0.000507,0.001116,0.003987,0.007807,0.016407,0.027839,0.036995,0.0025,-7.53,27715
9/30/2013,0.0152922,0.017,0.0235,0.021,-0.037,185,0.072,53.6,54.6,56.4,0.5,403,0.023,0.11,2931008,0.039,-0.6784535,20,-0.003492,1681.55,40289,319,67.8,0.062,0.009,1004,93.8,27,1.89,60.2,-18.1,-6.5,0.000051,0.000254,0.000862,0.003168,0.006105,0.013815,0.0261,0.036847,0.0025,-7.53,-19178
10/31/2013,0.0145482,0.017,0.0226,0.022,-0.037,220,0.072,53.9,54.6,56.2,0.4,444,0.023,-0.01,2955207,0.038,-0.7351157,19,-0.003424,1756.54,45730,347,62.5,0.067,-0.022,1044,91.5,24,1.89,57.4,-8.3,-6.5,0.000355,0.000811,0.000913,0.00305,0.005689,0.013294,0.025542,0.036386,0.0025,-11.17,-12820
11/30/2013,0.0151426,0.017,0.0231,0.022,-0.037,273,0.069,53.1,55.5,53.2,0.2,446,0.023,0.3,2986607,0.048,-0.7868567,20,-0.003438,1805.81,45314,312,66.8,0.061,0.056,1029,92.2,24,1.9,59.5,-8.3,-6.5,0.000558,0.000964,0.001167,0.002814,0.005449,0.013701,0.027445,0.038106,0.0025,-10.18,53090
12/31/2013,0.0154736,0.017,0.0206,0.019,-0.006,55,0.067,53.5,56.5,56.9,0.5,433,0.018,-0.15,3017924,0.047,-0.7990154,19,-0.003421,1848.36,30623,332,72.1,0.055,-0.016,1005,93.8,25,1.84,63.9,-8.3,-3.28,0.000659,0.000862,0.001116,0.003799,0.007645,0.017411,0.030282,0.039679,0.0025,-10.18,4165
1/31/2014,0.0145246,0.016,0.0194,0.02,-0.006,184,0.066,55.2,52.5,60,-0.7,443,0.018,-0.72,2982885,0.043,-0.7614137,19,-0.003361,1782.59,45107,331,71.2,0.059,0.011,976,94,23,1.83,54.6,-13.7,-3.28,0.000203,0.000507,0.000812,0.003277,0.006642,0.014902,0.02644,0.035985,0.0025,-7.34,-4179
2/28/2014,0.0139012,0.016,0.0186,0.023,-0.006,159,0.067,53.4,55,56.4,1.1,420,0.018,0.44,2970362,0.047,-0.7786246,22,-0.003368,1859.45,41835,319,72.7,0.063,-0.014,1039,91.6,24,1.84,58.6,-13.7,-3.28,0.000456,0.00071,0.001015,0.003169,0.006678,0.015016,0.026476,0.035822,0.0025,-7.98,9990
3/31/2014,0.0144742,0.017,0.0197,0.022,0.115,277,0.067,54.9,55.9,58.1,0.5,405,0.018,0.48,2912687,0.058,-0.7797331,19,-0.003355,1872.34,34399,330,70,0.061,0.016,1067,94,22,1.78,58.8,-13.7,-3.28,0.000304,0.000507,0.001116,0.004183,0.008681,0.017184,0.02718,0.035583,0.0025,-7.98,-5594
4/30/2014,0.0157127,0.018,0.0239,0.02,0.115,311,0.062,55.7,56.6,61,0.7,403,0.018,0.04,2944178,0.053,-0.7744157,21,-0.003332,1883.95,40298,345,74.7,0.063,-0.025,1090,94.8,24,1.7,57.3,-11.1,-3.28,0.000253,0.000406,0.001015,0.004104,0.008508,0.016757,0.026459,0.034593,0.0025,-9.18,-27153
5/31/2014,0.0162366,0.02,0.0268,0.021,0.115,202,0.063,56,55.7,58.5,0,451,0.018,0.11,2943337,0.055,-0.7999636,21,-0.003334,1923.57,52961,312,73.7,0.065,-0.006,1018,96.2,24,1.64,57.9,-11.1,-3.28,0.000304,0.000456,0.000913,0.00373,0.00773,0.015391,0.024759,0.033277,0.0025,-13.18,53736
6/30/2014,0.0156354,0.019,0.0258,0.021,-0.047,333,0.061,56.8,55,58.6,0.6,418,0.018,0.13,2980630,0.063,-0.8016724,21,-0.003332,1960.23,31434,308,73.5,0.065,0.052,1010,95.4,23,1.6,56.8,-11.1,-3.28,0.000203,0.000609,0.000964,0.004567,0.008669,0.016299,0.025304,0.033599,0.0025,-13.18,-19400
7/31/2014,0.0161032,0.019,0.0232,0.021,-0.047,243,0.062,56.9,55.1,58.1,0.2,402,0.018,0.3,2977593,0.065,-0.7596511,22,-0.003335,1930.67,46887,303,71.8,0.066,-0.029,1076,96,25,1.63,57.4,-10.7,-3.28,0.000203,0.000456,0.001116,0.005276,0.009907,0.017529,0.025578,0.033167,0.0025,-10.66,91787
8/31/2014,0.0153975,0.017,0.0206,0.022,-0.047,181,0.061,58,56.3,57.7,0.7,456,0.018,-0.23,3012146,0.061,-0.7350204,19,-0.003343,2003.37,40010,303,71.3,0.062,0.011,1047,95.9,29,1.77,60.1,-10.7,-3.28,0.000203,0.000456,0.000812,0.004882,0.009288,0.01625,0.023431,0.030792,0.0025,-10.83,44343
9/30/2014,0.0155485,0.017,0.0193,0.02,-0.013,307,0.059,57.3,55.7,55.1,0,470,0.018,0.02,3023574,0.06,-0.6812466,17,-0.003253,1972.29,30477,290,75.4,0.06,0.015,1077,95.3,24,1.97,58.9,-10.7,-3.28,0.000152,0.000304,0.000964,0.00567,0.010376,0.017566,0.024888,0.031967,0.0025,-10.83,-138378
10/31/2014,0.0147091,0.018,0.0207,0.02,-0.013,240,0.057,55.8,56.2,52,0.6,476,0.018,0.04,2963544,0.059,-0.6500851,21,-0.0031,2018.05,51183,280,79.6,0.055,-0.051,1094,96,27,1.97,59.8,-10.5,-3.28,0.000051,0.000456,0.000913,0.004914,0.009207,0.016095,0.023353,0.030662,0.0025,-9.96,20607
11/30/2014,0.0139258,0.017,0.0198,0.021,-0.013,284,0.058,58.2,56.3,54.5,0.5,442,0.018,0.25,2972281,0.054,-0.6581283,20,-0.003112,2067.56,35940,291,79.9,0.058,-0.029,1059,97.8,25,1.9,61.6,-10.5,-3.28,0.000101,0.000659,0.001167,0.004685,0.008482,0.014805,0.02164,0.028888,0.0025,-12.23,-24267
12/31/2014,0.0135635,0.016,0.0202,0.018,0.059,278,0.056,57.2,55.7,51.1,0,497,0.023,0.08,2959985,0.059,-0.5811179,22,-0.003132,2058.9,32640,285,86.4,0.059,0.032,1072,100.3,28,1.96,58.2,-10.5,-2.73,0.000355,0.001167,0.002132,0.006645,0.010701,0.016528,0.021712,0.027518,0.0025,-12.23,-43883
1/31/2015,0.012097,0.016,0.0211,0.021,0.059,196,0.057,56.2,53.9,47.3,0,515,0.023,-0.26,2942149,0.057,-0.5123264,19,-0.003152,1994.99,53041,281,91,0.059,-0.014,1049,97.7,25,1.91,54.3,-5.5,-2.73,0,0.000456,0.00137,0.004488,0.007355,0.011548,0.016407,0.022222,0.0025,-10.51,40420
2/28/2015,0.0127748,0.017,0.0196,0.019,0.059,269,0.055,57.6,53,50.9,0.2,540,0.023,-0.47,2939764,0.052,-0.5369077,18,-0.003161,2104.5,50579,317,88,0.062,-0.014,1127,98.1,25,1.88,53.9,-5.5,-2.73,0.000101,0.000659,0.001878,0.006184,0.009973,0.014988,0.01993,0.025903,0.0025,-10.18,-23832
3/31/2015,0.0128084,0.018,0.0191,0.022,0.024,94,0.054,58.4,52.1,53.6,0.3,480,0.023,-0.01,2907735,0.047,-0.5464224,15,-0.003185,2067.89,36594,269,85.3,0.06,0.01,1072,95.7,22,1.8,52.6,-5.5,-2.73,0.000203,0.001323,0.002291,0.005551,0.008791,0.013701,0.019231,0.025359,0.0025,-10.18,138968
4/30/2015,0.0129437,0.018,0.0199,0.023,0.024,277,0.054,57.5,51.9,50.4,0.1,502,0.023,-0.01,2961368,0.049,-0.5533287,16,-0.003222,2085.51,61582,269,88.8,0.059,-0.006,1166,96.5,25,1.73,52.8,-5.3,-2.73,0,0.000356,0.00224,0.00567,0.009003,0.014254,0.020317,0.027404,0.0025,-11.58,173495
5/31/2015,0.012472,0.017,0.0178,0.023,0.024,337,0.056,56.7,52.9,53.7,0.4,502,0.023,-0.35,2993796,0.046,-0.5478814,17,-0.003242,2107.39,41034,275,84.2,0.056,-0.026,1272,97.9,25,1.63,53.3,-5.3,-2.73,0,0.00061,0.002444,0.006053,0.009247,0.014853,0.021214,0.028818,0.0025,-11.58,162908
6/30/2015,0.0125416,0.018,0.0185,0.021,0.016,156,0.053,55.7,52.5,52.3,0.1,480,0.023,-0.13,3021643,0.045,-0.5379987,18,-0.003039,2063.11,44842,275,87.8,0.055,0.019,1379,94.6,24,1.65,54.4,-5.3,-2.73,0.000051,0.001119,0.002648,0.006427,0.01004,0.016479,0.023531,0.031236,0.0025,-11.58,143833
7/31/2015,0.0117895,0.018,0.0195,0.021,0.016,294,0.052,60.1,52,52.5,0.7,506,0.023,0.33,2985860,0.035,-0.5059741,17,-0.002711,2103.84,105696,270,84.1,0.054,-0.005,1140,95.7,26,1.68,52.9,-7,-2.73,0.00061,0.001424,0.003108,0.006606,0.00972,0.015287,0.021801,0.029061,0.0025,-10.99,119643
8/31/2015,0.0122125,0.018,0.0198,0.022,0.016,141,0.051,58.6,50.2,51.1,0.1,518,0.023,-0.27,3011925,0.034,-0.4186978,15,-0.00275,1972.18,41186,279,83.4,0.057,-0.006,1165,95.7,26,1.63,51.5,-7,-2.73,0,0.00229,0.003772,0.007375,0.010511,0.015478,0.022179,0.029619,0.0025,-9.42,142318
9/30/2015,0.0123212,0.019,0.0211,0.023,0.014,135,0.05,56.1,50.1,48.4,-0.1,456,0.023,-0.13,3007185,0.026,-0.4107501,14,-0.00267,1920.03,58877,272,78.2,0.058,0.003,1144,96,27,1.75,50.4,-7,-2.73,-0.000203,0.000661,0.003108,0.006289,0.009007,0.013572,0.020368,0.028538,0.0025,-9.42,27870
10/31/2015,0.0117798,0.019,0.0228,0.025,0.014,319,0.05,56.9,49.1,48.3,-0.2,482,0.023,-0.26,2970314,0.027,-0.4803447,15,-0.002256,2079.36,50504,275,82.1,0.055,0.003,1160,96,27,1.78,52.1,7.4,-2.73,0.000712,0.002239,0.00321,0.00724,0.010232,0.015185,0.021421,0.029222,0.0025,-7.89,18175
11/30/2015,0.011967,0.02,0.0251,0.024,0.014,226,0.051,56.1,49.1,48.8,0.4,504,0.023,-0.35,3003293,0.026,-0.4624657,18,-0.002306,2080.41,30953,265,82.9,0.059,-0.022,1244,94.5,25,1.77,50.1,7.4,-2.73,0.001678,0.003871,0.004795,0.009304,0.012203,0.016446,0.02206,0.029723,0.0025,-7.93,-68276
12/31/2015,0.011917,0.021,0.0254,0.025,0.017,273,0.05,55.3,48.7,50.6,0.4,546,0.027,-0.29,3008473,0.018,-0.374434,20,-0.002195,2043.94,23622,276,82.7,0.056,-0.03,1211,95.2,25,1.77,49,7.4,-2.59,0.001627,0.004738,0.005972,0.010477,0.013069,0.017598,0.022694,0.030158,0.005,-7.93,-104896
1/31/2016,0.0140624,0.022,0.0261,0.025,0.017,113,0.048,53.8,47.6,47,-0.3,505,0.027,0.07,2955765,0.014,-0.3015877,16,-0.001664,1940.24,75114,282,82.7,0.061,0.028,1171,93.9,25,1.73,49.9,8.2,-2.59,0.003103,0.004228,0.004487,0.007737,0.009663,0.01328,0.019209,0.027438,0.005,-6.25,-119757
2/29/2016,0.0146589,0.023,0.0286,0.024,0.017,215,0.049,52.8,49.2,45.9,1.1,517,0.027,-0.22,2941048,0.009,-0.3226304,14,-0.001719,1932.23,61599,269,81.9,0.057,-0.012,1172,92.9,23,1.75,52.1,8.2,-2.59,0.003154,0.004687,0.005972,0.007737,0.008921,0.012123,0.017347,0.026156,0.005,-8.22,-48207
3/31/2016,0.0145745,0.022,0.0281,0.024,-0.016,255,0.05,55.4,51,50.6,-0.5,532,0.027,-0.35,2946666,0.007,-0.3876235,17,-0.001638,2059.74,44207,271,81.5,0.061,-0.007,1118,92.6,25,1.68,54.7,8.2,-2.59,0.001983,0.003758,0.005804,0.007211,0.008524,0.012048,0.017687,0.026119,0.005,-8.22,-113711
4/30/2016,0.0151994,0.021,0.0274,0.026,-0.016,190,0.051,55.2,51.3,53.9,0.4,576,0.027,-0.11,2926366,0.006,-0.3884357,16,-0.001282,2065.3,64141,278,77.6,0.065,0.009,1160,93.6,25,1.62,55.8,11.6,-2.59,0.002085,0.003809,0.005497,0.007816,0.009341,0.01294,0.018333,0.026781,0.005,-10.11,-96084
5/31/2016,0.0156873,0.022,0.0291,0.024,-0.016,45,0.048,54.1,51.4,55,0.4,571,0.027,-0.35,2903709,0.002,-0.3760827,16,-0.001315,2096.96,30157,263,84.9,0.068,-0.03,1205,93.8,23,1.58,55.1,11.6,-2.59,0.002849,0.004471,0.006725,0.00877,0.010311,0.013718,0.018458,0.026479,0.005,-7.85,-192797
6/30/2016,0.015524,0.022,0.03,0.026,0.012,251,0.049,55.8,52.2,55.9,1,557,0.027,0.12,2912055,-0.002,-0.3451934,16,-0.001319,2098.86,38536,262,82.4,0.069,-0.001,1208,94.5,26,1.62,56.3,11.6,-2.59,0.002587,0.003504,0.004323,0.005817,0.006931,0.009997,0.014697,0.022847,0.005,-7.85,13931
7/31/2016,0.0159933,0.022,0.0282,0.028,0.012,363,0.048,56.2,52.7,52.6,-0.6,628,0.027,0.04,2898112,0.005,-0.3504435,14,-0.001409,2173.6,45346,266,77.8,0.07,0.007,1198,94.6,25,1.62,55.9,8.5,-2.59,0.002536,0.003657,0.004884,0.006554,0.007473,0.010237,0.014531,0.021827,0.005,-6.83,-6907
8/31/2016,0.0169696,0.023,0.0303,0.025,0.012,149,0.049,52.6,49.8,52,0.3,575,0.027,-0.19,2866110,0.005,-0.3428821,15,-0.0014,2170.95,32188,261,78.7,0.073,0.029,1201,94.4,28,1.38,51.2,8.5,-2.59,0.003298,0.004573,0.005906,0.008053,0.00922,0.011977,0.0158,0.02232,0.005,-3.77,65585
9/30/2016,0.0168526,0.022,0.028,0.026,0.004,297,0.05,55.4,51.1,52.8,0.1,558,0.027,-0.09,2823541,0.008,-0.320256,18,-0.001515,2168.27,44324,245,82.7,0.072,-0.032,1303,94.1,27,1.42,53.4,8.5,-2.59,0.002739,0.004318,0.005854,0.007619,0.00875,0.011492,0.015944,0.023154,0.005,-3.77,56487
10/31/2016,0.0178241,0.021,0.0246,0.028,0.004,108,0.049,54.3,51.8,54.8,0.2,575,0.027,-0.05,2806250,0.003,-0.3608953,15,-0.001742,2126.15,30740,265,76.8,0.074,-0.004,1254,94.9,27,1.48,54.2,1.5,-2.59,0.002993,0.004929,0.006417,0.008409,0.009892,0.013067,0.018255,0.025798,0.005,-4.93,24489
11/30/2016,0.0171886,0.021,0.0236,0.026,0.004,119,0.047,56.4,53.2,54.6,-0.3,571,0.027,-0.21,2802652,0.002,-0.4202992,19,-0.001718,2198.81,26936,255,85.2,0.072,0.003,1230,98.4,24,1.51,55.5,1.5,-2.59,0.004771,0.006051,0.007748,0.01113,0.013925,0.01842,0.023809,0.030337,0.005,-1.56,-13462
12/31/2016,0.0177009,0.022,0.0248,0.027,0.016,222,0.047,55.8,54.4,56.3,1,561,0.018,0.4,2858943,0.009,-0.4563807,24,-0.001659,2238.83,33627,244,89.5,0.069,0.002,1248,105.8,29,1.49,59,1.5,-3.05,0.004974,0.006101,0.008106,0.011883,0.01451,0.019274,0.024443,0.030651,0.0075,-1.56,-32189
1/31/2017,0.0186334,0.023,0.0248,0.024,0.016,226,0.047,57,55.7,57.2,0.8,573,0.018,-0.11,2854832,0.02,-0.4749855,21,-0.001539,2278.87,45934,241,90.3,0.064,0.017,1303,105.9,27,1.52,59.8,1.4,-3.05,0.005127,0.006306,0.007593,0.012044,0.014617,0.019129,0.024531,0.030612,0.0075,0.85,31304
2/28/2017,0.0186727,0.022,0.0254,0.027,0.016,212,0.046,56.6,57.7,57.9,-0.1,587,0.018,-0.09,2850153,0.027,-0.4700526,20,-0.001529,2363.64,36957,221,86.5,0.063,0.003,1234,105.3,26,1.54,64.5,1.4,-3.05,0.006042,0.007378,0.008208,0.012601,0.015185,0.019294,0.023899,0.029952,0.0075,3.16,-29719
3/31/2017,0.0167865,0.02,0.0202,0.026,0.034,128,0.044,56.2,56.5,54.4,0.7,632,0.018,0.01,2883738,0.032,-0.4594319,20,-0.001791,2362.72,43310,216,86.5,0.063,0.007,1272,104.7,29,1.51,61.7,1.4,-3.05,0.007516,0.008961,0.010164,0.01254,0.01489,0.019212,0.023874,0.030095,0.01,3.16,-25426
4/30/2017,0.0163682,0.019,0.018,0.025,0.034,197,0.044,57.2,55.8,58.3,0.4,598,0.018,0.33,2894505,0.031,-0.486464,18,-0.002241,2384.2,36602,232,87,0.061,0.003,1251,104.5,27,1.45,57.4,-2.8,-3.05,0.007923,0.009677,0.010576,0.012619,0.01443,0.018142,0.022802,0.029508,0.01,2.48,18976
5/31/2017,0.0154553,0.017,0.0158,0.025,0.034,216,0.044,57.4,56.4,49.6,-0.3,635,0.018,-0.01,2913718,0.035,-0.5308392,21,-0.002193,2411.8,33092,253,87.7,0.06,-0.002,1208,104.5,28,1.41,61.5,-2.8,-3.05,0.009706,0.010651,0.011503,0.012818,0.014322,0.017516,0.022028,0.028634,0.01,3.92,-10999
6/30/2017,0.0157644,0.017,0.0142,0.025,0.023,199,0.043,56.8,56.2,53.6,0.6,619,0.018,0.16,2985481,0.039,-0.5578387,19,-0.002306,2423.41,31105,256,83.8,0.056,-0.016,1353,103.6,30,1.4,60.4,-2.8,-3.05,0.010113,0.011316,0.012275,0.013817,0.015461,0.018884,0.023037,0.028348,0.0125,3.92,-141958
7/31/2017,0.0150311,0.017,0.0139,0.026,0.023,184,0.043,55.4,56.5,56.3,0,572,0.018,-0.17,3002144,0.038,-0.5712536,23,-0.002512,2470.3,28307,245,80.5,0.056,0.015,1256,105.2,28,1.59,60.9,-3.9,-3.05,0.010724,0.011316,0.01212,0.013491,0.015081,0.018356,0.022942,0.028999,0.0125,4.14,-245506
8/31/2017,0.0143359,0.017,0.0146,0.026,0.023,135,0.044,55.8,58.4,58,0.5,556,0.018,-0.01,3019397,0.043,-0.5473042,20,-0.002479,2471.65,33825,247,87.7,0.054,0.005,1319,105.3,32,1.44,60.7,-3.9,-3.05,0.00991,0.010677,0.012171,0.013255,0.014267,0.01702,0.02117,0.027262,0.0125,0.84,-130449
9/30/2017,0.0142259,0.017,0.0168,0.028,0.019,92,0.043,58.1,60,64.7,0.8,637,0.018,0.18,3046423,0.044,-0.5662777,19,-0.002495,2519.36,32346,260,84.4,0.053,0.037,1273,103,27,1.49,64.8,-3.9,-3.05,0.010405,0.011855,0.012892,0.014827,0.016225,0.01936,0.023336,0.028601,0.0125,0.84,-182897
10/31/2017,0.0154101,0.018,0.019,0.023,0.019,147,0.042,60.4,58.6,61.1,0,626,0.018,0.53,3038432,0.058,-0.5983289,22,-0.002502,2575.26,29831,241,90.5,0.052,0.001,1356,103.8,27,1.53,63.7,-8.5,-3.05,0.011312,0.01278,0.014209,0.015997,0.017257,0.020165,0.023793,0.028794,0.0125,0.4,-239716
11/30/2017,0.0154538,0.017,0.0172,0.024,0.019,229,0.042,57.1,57.6,59.2,1.5,711,0.018,0.23,3047684,0.061,-0.6144397,23,-0.002487,2647.58,35038,243,88.9,0.048,0,1299,107.5,26,1.55,63.2,-8.5,-3.05,0.01256,0.014372,0.016073,0.01782,0.018919,0.021375,0.024097,0.028269,0.0125,0.17,-246433
12/31/2017,0.0157687,0.018,0.0171,0.027,0.024,146,0.041,56.3,59.7,61.2,0.6,630,0.025,0.21,3021289,0.062,-0.6240625,22,-0.002677,2673.61,32423,248,84.3,0.049,-0.002,1311,104.9,27,1.53,66.8,-8.5,-3.4,0.013757,0.01527,0.017316,0.01883,0.019707,0.022064,0.024054,0.027399,0.015,0.17,-191429
1/31/2018,0.0163204,0.018,0.0176,0.028,0.024,146,0.04,60,59.4,61.7,-0.5,590,0.025,-0.23,3025996,0.063,-0.6083555,23,-0.003006,2823.81,44653,228,86.3,0.044,0,1317,106.9,29,1.57,66.5,-10,-3.4,0.014551,0.016483,0.018816,0.021406,0.022832,0.025139,0.02705,0.029348,0.015,5.1,-329066
2/28/2018,0.0164422,0.018,0.0179,0.026,0.024,387,0.041,58.5,60.9,62.4,0.6,618,0.025,0.46,3074405,0.067,-0.5372401,24,-0.002975,2713.83,35369,216,90,0.042,0.03,1321,107.6,29,1.59,64.9,-10,-3.4,0.016518,0.018469,0.020564,0.0225,0.024065,0.026401,0.028606,0.031242,0.015,9.1,-104947
3/31/2018,0.0190918,0.021,0.0235,0.029,0.011,226,0.04,58.2,58.8,61.5,-0.2,679,0.025,0.09,3090936,0.065,-0.4810608,25,-0.002957,2640.87,60357,232,88.8,0.041,-0.022,1385,104.7,26,1.56,61.6,-10,-3.4,0.017001,0.019137,0.020822,0.022661,0.023831,0.02562,0.027389,0.029737,0.0175,9.1,-113227
4/30/2018,0.0188422,0.021,0.0233,0.028,0.011,146,0.04,57.6,58.6,62.3,0.6,642,0.025,0.39,3058704,0.068,-0.5215241,22,-0.002931,2648.05,36081,209,88.4,0.038,0.017,1378,104.8,29,1.48,62.7,-11.3,-3.4,0.017996,0.020014,0.022339,0.024879,0.026263,0.027972,0.029531,0.031237,0.0175,12.56,-69264
5/31/2018,0.019809,0.022,0.0253,0.029,0.011,329,0.038,58,59,63.9,1,662,0.025,-0.16,3032436,0.07,-0.5412062,26,-0.002931,2705.27,31517,222,89.1,0.038,0.021,1338,107.8,30,1.42,62.7,-11.3,-3.4,0.018946,0.020768,0.022231,0.024274,0.025502,0.026962,0.028586,0.030253,0.0175,10.24,62892
6/30/2018,0.0193623,0.023,0.0262,0.03,0.02,213,0.04,58.5,59.9,61.1,-0.8,636,0.025,0.23,3038415,0.071,-0.5117824,24,-0.002889,2718.37,37202,228,86.3,0.041,0.017,1345,107.2,29,1.41,64.6,-11.3,-3.4,0.019123,0.021049,0.023119,0.025282,0.02622,0.027378,0.028601,0.02989,0.02,10.24,23451
7/31/2018,0.019958,0.024,0.0275,0.028,0.02,55,0.038,57.5,58.1,63.4,0.6,628,0.025,0.02,3041154,0.073,-0.5410558,24,-0.002819,2816.29,27122,207,87.3,0.039,0.008,1334,107.9,30,1.39,58.9,-15.9,-3.4,0.020203,0.021909,0.024087,0.026694,0.027661,0.028479,0.029598,0.030822,0.02,6.91,-99059
8/31/2018,0.0189577,0.022,0.0249,0.031,0.02,251,0.038,59.5,60.5,62.3,0,593,0.025,0.3,3059869,0.071,-0.5793581,24,-0.002844,2901.52,38472,201,87.1,0.038,-0.016,1273,108.8,33,1.39,63.8,-15.9,-3.4,0.020938,0.022601,0.024473,0.026269,0.026914,0.027382,0.028604,0.030191,0.02,6.95,-142738
9/30/2018,0.019603,0.022,0.0254,0.031,0.028,87,0.037,60.4,59.3,62.8,0.2,595,0.025,0,3063876,0.073,-0.578676,24,-0.002651,2913.98,55285,210,90.5,0.037,0.001,1314,107.9,30,1.43,61.1,-15.9,-3.4,0.021964,0.02364,0.02563,0.028188,0.02883,0.029529,0.030612,0.032057,0.0225,6.95,-289832
10/31/2018,0.018709,0.021,0.0232,0.033,0.028,164,0.038,60.8,58.1,61.1,0.8,554,0.025,-0.24,3042515,0.062,-0.5263553,28,-0.00233,2711.74,75644,216,89.3,0.033,0.008,1272,107.4,30,1.47,59.1,-15.9,-3.4,0.023251,0.024892,0.026546,0.028669,0.029247,0.029749,0.031435,0.033909,0.0225,9.16,-322503
11/30/2018,0.0201024,0.022,0.023,0.034,0.028,97,0.038,60.1,58.6,62.9,1.4,625,0.025,0,3028931,0.057,-0.4307312,29,-0.002353,2760.17,53073,232,88.1,0.032,-0.027,1340,104.8,29,1.49,60.9,-15.9,-3.4,0.023424,0.025197,0.026777,0.027865,0.027997,0.028125,0.029879,0.0329,0.0225,10.46,-291386
12/31/2018,0.0203808,0.022,0.0238,0.035,0.021,182,0.039,58.1,54.9,59.1,-3.2,546,0.03,-0.14,3023167,0.048,-0.3879814,25,-0.002397,2506.85,43884,238,87,0.037,-0.004,1317,104.4,25,1.5,52.5,-15.9,-4.17,0.023549,0.024752,0.02596,0.024878,0.024563,0.025111,0.026842,0.030145,0.025,10.46,-272290
1/31/2019,0.0184443,0.022,0.022,0.032,0.021,258,0.04,56.5,55.7,59.1,2.2,595,0.03,-0.34,3025658,0.038,-0.4838186,27,-0.002444,2704.1,52988,234,79.9,0.041,0.019,1261,101.2,26,1.5,57,2.8,-4.17,0.023839,0.024527,0.025442,0.024576,0.024336,0.024365,0.026293,0.029956,0.025,9.41,-262732
2/28/2019,0.0174411,0.021,0.0203,0.036,0.021,5,0.038,59.1,54.4,55.8,-0.2,648,0.03,-0.42,3046954,0.033,-0.5671665,26,-0.002441,2784.49,76835,221,84.4,0.04,0.003,1287,101.7,27,1.56,55.9,2.8,-4.17,0.024326,0.024942,0.025363,0.025141,0.024943,0.025122,0.02715,0.030802,0.025,3.45,-144747
3/31/2019,0.0161607,0.02,0.0197,0.035,0.062,227,0.038,56.5,54.9,58.2,0.9,718,0.03,-0.09,3071921,0.03,-0.595877,24,-0.002537,2834.4,60587,203,88.8,0.039,0.007,1305,101.8,27,1.51,56.6,2.8,-4.17,0.023809,0.024225,0.023874,0.0226,0.022045,0.02233,0.02405,0.028143,0.025,3.45,-154014
4/30/2019,0.0163678,0.021,0.0211,0.032,0.062,308,0.037,55.3,53.6,56.1,0.2,702,0.03,-0.52,3046448,0.026,-0.6079508,21,-0.002718,2945.83,40023,224,87.4,0.04,-0.011,1311,103.5,27,1.47,53.5,-4.2,-4.17,0.024099,0.024439,0.02374,0.022661,0.022388,0.022783,0.025018,0.029288,0.025,0.86,-47497
5/31/2019,0.0156318,0.02,0.0191,0.033,0.062,38,0.036,56.1,52.6,55.8,0.8,618,0.03,0.01,3055822,0.022,-0.5703373,20,-0.00272,2752.06,58577,223,93.5,0.043,-0.005,1347,105,30,1.43,52.5,-4.2,-4.17,0.023399,0.023446,0.022,0.019221,0.018731,0.01911,0.021246,0.025685,0.025,-3.51,-102797
6/30/2019,0.0165698,0.021,0.0194,0.034,-0.024,204,0.036,55.2,51.5,58.2,0.7,729,0.03,0.08,3043531,0.014,-0.5655684,23,-0.002567,2941.76,41977,226,89.3,0.047,-0.006,1315,103.3,26,1.42,50.7,-4.2,-4.17,0.020868,0.020899,0.019251,0.017549,0.017064,0.017664,0.020051,0.025291,0.025,-3.51,-269742
7/31/2019,0.0163912,0.022,0.0204,0.034,-0.024,90,0.037,54.4,51,56.5,0.7,648,0.03,-0.39,3024715,0.012,-0.5726544,22,-0.002297,2980.38,38845,206,90.5,0.05,-0.009,1352,104.7,28,1.43,50.5,-2.8,-4.17,0.020616,0.020666,0.01985,0.018721,0.018263,0.018272,0.020144,0.025249,0.0225,-15.3,-314415
8/31/2019,0.017458,0.024,0.0228,0.034,-0.024,221,0.036,56,48.5,58,0.2,712,0.03,0.19,3034269,0.007,-0.5154717,17,-0.002318,2926.46,53480,215,79.9,0.052,0.004,1489,103.1,28,1.43,46.4,-2.8,-4.17,0.019765,0.018671,0.017628,0.01504,0.014266,0.013865,0.014961,0.019626,0.0225,-16.16,-271062
9/30/2019,0.0163201,0.024,0.0224,0.031,-0.042,203,0.035,53.2,48.1,59.5,-0.3,712,0.03,-0.42,3015392,-0.002,-0.4986895,15,-0.002515,2976.74,41557,215,83.4,0.056,-0.013,1474,101.8,27,1.47,47.5,-2.8,-4.17,0.018071,0.018127,0.017446,0.016217,0.015596,0.01544,0.016646,0.021105,0.02,-16.16,-126907
10/31/2019,0.0162359,0.023,0.0247,0.031,-0.042,100,0.036,54.8,48.1,56.4,0.3,722,0.03,-0.77,2976407,-0.005,-0.5272249,20,-0.002915,3037.56,50275,215,84.2,0.065,-0.003,1525,102.4,29,1.5,48.1,5.4,-4.17,0.01524,0.015469,0.014948,0.015239,0.015161,0.015195,0.01691,0.021791,0.0175,-20.26,-182701
11/30/2019,0.0149772,0.023,0.0267,0.033,-0.042,208,0.036,53.6,48.1,57,0.2,713,0.03,0.21,2963851,-0.007,-0.558167,22,-0.003045,3140.98,44569,231,87.3,0.071,-0.013,1527,104.7,30,1.51,47.8,5.4,-4.17,0.015672,0.016009,0.015855,0.016119,0.016086,0.016259,0.017758,0.022054,0.0175,-23.5,-279069
12/31/2019,0.0154475,0.023,0.0252,0.03,0.032,126,0.036,55.7,47.9,59.8,0.3,700,0.025,-0.36,2964044,-0.008,-0.5396432,20,-0.001871,3230.78,32843,231,88.9,0.067,-0.018,1451,102.7,28,1.48,47.6,5.4,-4.67,0.015436,0.01578,0.01566,0.015691,0.016086,0.01691,0.019175,0.023896,0.0175,-23.5,-319327
1/31/2020,0.0157286,0.023,0.0266,0.031,0.032,253,0.036,56,51.4,56.5,0.4,690,0.025,-0.19,2985484,-0.004,-0.6142293,24,-0.000068,3225.52,67735,205,90.5,0.067,-0.015,1507,104.3,28,1.49,53.6,0,-4.67,0.015382,0.015235,0.014229,0.013132,0.01294,0.013134,0.015068,0.019996,0.0175,-19.54,-175967
2/29/2020,0.0167147,0.024,0.0281,0.03,0.032,264,0.035,57.5,50.1,52.5,0.4,707,0.025,0.09,3000338,-0.007,-0.3172193,20,-0.00028,2954.22,56660,213,92.1,0.068,-0.009,1442,104.5,26,1.48,50.8,0,-4.67,0.01267,0.011527,0.010089,0.00913,0.008972,0.009356,0.011486,0.016752,0.0175,-13.89,-101732
3/31/2020,0.0149237,0.021,0.0226,0.035,0.119,-1411,0.044,52.9,49,50.4,1.9,621,0.025,-4.42,2891327,-0.056,0.3754311,12,0.000282,2584.59,222288,5946,79.7,0.101,-0.01,1358,96.4,21,1.5,42.4,0,-4.67,0.00061,0.001395,0.001548,0.002455,0.002926,0.003799,0.006695,0.013214,0.0025,-13.89,-168455
4/30/2020,0.0095966,0.014,0.0104,0.08,0.119,-20477,0.148,41.7,41.8,55.1,-11.6,579,0.025,-18.08,2869708,-0.109,0.2266464,-3,0.00122,2912.43,671129,3446,70.1,0.168,-0.094,1066,90.9,18,1.55,27.3,41.5,-4.67,0.000788,0.001014,0.001421,0.001956,0.002447,0.003624,0.006393,0.012848,0.0025,-19.12,-242917
5/31/2020,0.0096642,0.012,0.0058,0.067,0.119,2619,0.132,45.4,43.5,55.1,10.8,709,0.025,4.66,2924975,-0.092,-0.2513098,9,0.001145,3044.31,397016,1639,65.9,0.219,0.018,1260,94.4,20,1.46,32.3,41.5,-4.67,0.001246,0.001522,0.001573,0.001603,0.00194,0.003036,0.006526,0.014064,0.0025,-21.79,-189237
6/30/2020,0.0093762,0.012,0.0078,0.051,0.038,4615,0.11,57.3,52.6,61.1,6.3,896,0.025,6.26,2968883,-0.073,-0.3723212,12,0.000668,3100.29,170219,1446,72.3,0.229,0.041,1338,100.6,22,1.33,57.1,41.5,-4.67,0.001293,0.001297,0.001497,0.001485,0.001731,0.002878,0.006561,0.014107,0.0025,-21.79,-289516
7/31/2020,0.0117865,0.016,0.0154,0.049,0.038,1585,0.102,56.7,53.8,57.5,1.7,983,0.025,2.55,2960683,-0.058,-0.4783508,13,-0.00018,3271.12,262649,1044,65.9,0.232,0.018,1546,98.8,26,1.21,60.9,71.2,-4.67,0.000837,0.00089,0.001065,0.001054,0.001144,0.002044,0.005282,0.011925,0.0025,-19.64,-229311
8/31/2020,0.013854,0.017,0.0148,0.048,0.038,1534,0.084,57.1,55.4,64.2,0,1022,0.025,1.26,2972168,-0.048,-0.504507,16,-0.000118,3500.31,115762,881,68.5,0.23,0.012,1529,100.2,26,1.13,64.4,71.2,-4.67,0.000938,0.001068,0.001116,0.001309,0.001489,0.002673,0.007048,0.014747,0.0025,-19.71,-239919
9/30/2020,0.0146525,0.017,0.0119,0.048,-0.116,1046,0.078,57.1,55.5,59.9,1.5,979,0.025,0.48,2980332,-0.04,-0.4858425,17,-0.000354,3363,118804,795,75.6,0.237,0.024,1624,104,28,1.14,59.9,71.2,-4.67,0.000915,0.001014,0.001167,0.00127,0.001568,0.002768,0.00684,0.014552,0.0025,-19.71,-205815
10/31/2020,0.0138617,0.016,0.0082,0.046,-0.116,673,0.068,56.1,58.7,62.8,-0.2,1031,0.025,0.94,2953892,-0.032,-0.490005,20,-0.001725,3269.96,80666,773,79.2,0.236,0.011,1613,104,27,1.16,66.6,37.7,-4.67,0.000864,0.000964,0.001167,0.001525,0.001967,0.003844,0.008737,0.016598,0.0025,-19.27,-240265
11/30/2020,0.0142758,0.016,0.0102,0.045,-0.116,268,0.067,56.1,57.3,64.3,-0.2,877,0.025,0.28,3006892,-0.024,-0.5588409,21,-0.001572,3621.63,64797,737,70.5,0.242,0,1714,101.4,26,1.18,64.8,37.7,-4.67,0.000712,0.000913,0.001065,0.001485,0.001864,0.003608,0.008389,0.015673,0.0025,-16.72,-303588
12/31/2020,0.0151646,0.016,0.0091,0.054,0.141,-243,0.067,57.5,60.2,65.7,0.9,878,-0.022,0.64,3046638,-0.014,-0.5939197,22,-0.001824,3756.07,77030,773,74.6,0.246,0.02,1744,95.9,22,1.19,67.2,37.7,-15.2,0.000583,0.000811,0.00104,0.001211,0.001649,0.003608,0.009132,0.016449,0.0025,-16.72,-136126
1/31/2021,0.0168058,0.014,0.0049,0.052,0.141,398,0.064,58.4,59.2,64.4,2.9,896,-0.022,0.89,3082293,-0.01,-0.6121795,28,-0.002993,3714.24,79552,803,74,0.255,0.02,1883,95,22,1.21,64.4,5.5,-15.2,0.000482,0.000659,0.000761,0.001093,0.001701,0.004193,0.010655,0.018291,0.0025,-16.65,-236229
2/28/2021,0.0171277,0.013,0.0041,0.053,0.141,527,0.062,56.5,60.7,71.5,-2.8,774,-0.022,-1.78,3095073,-0.009,-0.620358,34,-0.002863,3811.15,34531,704,70.7,0.266,0.005,1715,95.8,23,1.18,66.1,5.5,-15.2,0.00033,0.000456,0.000659,0.00127,0.002761,0.007313,0.014049,0.021513,0.0025,-13.44,-39871
3/31/2021,0.0220085,0.016,0.0125,0.045,-0.023,831,0.061,62.3,64,73.5,7.6,861,-0.022,2.29,3118174,0.051,-0.6405216,34,-0.003029,3972.89,30603,658,79.7,0.24,0.02,1732,98.2,20,1.09,67.4,5.5,-15.2,0.000152,0.000304,0.000558,0.001603,0.003458,0.009393,0.017404,0.024106,0.0025,-13.44,-346692
4/30/2021,0.0315858,0.03,0.0305,0.007,-0.023,319,0.061,63.3,60.9,75.2,0.4,837,-0.022,0.07,3100435,0.124,-0.6785095,36,-0.00362,4181.17,22913,517,82.7,0.184,0.023,1738,99.8,27,0.97,64.8,-15.1,-15.2,0.000025,0.000228,0.000482,0.001584,0.003297,0.008461,0.016259,0.022967,0.0025,-10.91,-224732
5/31/2021,0.0357669,0.038,0.039,0.023,-0.023,451,0.058,64.3,61.7,78.8,-1.3,726,-0.022,0.19,3087012,0.11,-0.6936726,43,-0.003547,4204.11,24586,427,78.8,0.144,-0.025,1681,99.6,27,0.85,66.4,-15.1,-15.2,0.000025,0.000203,0.00033,0.001407,0.002979,0.007995,0.015943,0.022824,0.0025,-9.12,-141877
6/30/2021,0.0388784,0.045,0.0403,0.039,0.063,778,0.059,61.2,61.4,78.4,1.9,689,-0.022,0.31,3081621,0.097,-0.6883691,44,-0.003607,4297.5,20476,372,83.5,0.128,0.024,1657,102.5,25,0.8,67.2,-15.1,-15.2,0.000406,0.000456,0.000659,0.002486,0.004604,0.008894,0.01468,0.020857,0.0025,-9.12,-191256
7/31/2021,0.0396758,0.043,0.0351,0.043,0.063,939,0.054,64,60,83.2,-1.9,727,-0.022,0.71,3079131,0.088,-0.6477683,44,-0.00379,4395.26,18942,381,79,0.127,0.003,1652,99.7,26,0.79,65.5,-32.4,-15.2,0.000406,0.000456,0.000634,0.001839,0.003377,0.006904,0.012223,0.018922,0.0025,-4.63,-54331
8/31/2021,0.0399201,0.04,0.0309,0.044,0.063,465,0.051,61.3,59.6,76.5,1.9,691,-0.022,0.08,3067747,0.085,-0.6362511,44,-0.003782,4522.68,15723,353,65.1,0.134,0.011,1770,100.1,30,0.78,63.8,-32.4,-15.2,0.000355,0.000507,0.000634,0.002093,0.004043,0.007771,0.013088,0.019324,0.0025,-4.11,-20570
9/30/2021,0.0404384,0.04,0.0307,0.049,0.08,480,0.047,62,60.5,80.6,0.2,731,-0.022,-0.06,3067039,0.08,-0.6444477,46,-0.003803,4307.54,17895,369,68.1,0.127,-0.001,1625,99.1,28,0.78,64.2,-32.4,-15.2,0.00033,0.000456,0.000685,0.002755,0.005083,0.009649,0.014873,0.020449,0.0025,-4.11,-62829
10/31/2021,0.0446951,0.046,0.0351,0.055,0.08,860,0.045,66.8,60.5,82.6,1.6,683,-0.022,0.92,3076535,0.081,-0.625431,51,-0.003957,4605.38,22822,261,67.9,0.128,0.017,1719,98.2,31,0.8,60.2,-18.2,-15.2,0.000482,0.000558,0.001192,0.00497,0.007536,0.011831,0.015521,0.019328,0.0025,-2.57,-112318
11/30/2021,0.0493853,0.049,0.0341,0.054,0.08,631,0.041,67.1,60.7,82.2,0.6,787,-0.022,0.72,3063377,0.081,-0.5416072,54,-0.003977,4567,14875,222,63.5,0.124,0.003,1766,98.4,27,0.81,60.7,-18.2,-15.2,0.000456,0.000938,0.002183,0.00565,0.008385,0.011596,0.014443,0.017911,0.0025,-3.7,15670
12/31/2021,0.0524437,0.055,0.0367,0.05,0.029,566,0.039,61.6,58.3,83.7,-0.6,834,0.061,0.22,3013160,0.08,-0.549787,49,-0.003628,4766.18,19052,225,68.3,0.125,0.014,1913,98.9,29,0.81,60.6,-18.2,-10.47,0.000304,0.001776,0.003762,0.007322,0.009569,0.01263,0.015101,0.019032,0.0025,-3.7,87804
1/31/2022,0.0540642,0.06,0.0419,0.057,0.029,251,0.04,60,57.4,81.8,1.6,798,0.061,0.16,3052499,0.063,-0.5271809,47,-0.003079,4515.55,19064,230,64.1,0.115,-0.007,1915,97.1,29,0.85,58.7,-14.5,-10.47,0.0018,0.004547,0.007724,0.011787,0.013769,0.016094,0.017767,0.021075,0.0025,-1.82,31877
2/28/2022,0.0564911,0.064,0.0454,0.053,0.029,862,0.038,57.2,58.3,82.5,0.1,781,0.061,0.53,3039412,0.065,-0.4152245,47,-0.00318,4373.94,15245,208,59.4,0.105,0.006,1860,95.7,27,0.87,61.3,-14.5,-10.47,0.002917,0.006203,0.009752,0.014323,0.01622,0.017177,0.01825,0.021611,0.0025,0.03,-119959
3/31/2022,0.0562966,0.065,0.0485,0.059,0.069,494,0.036,58.3,57.3,83.8,1.2,713,0.061,0.45,3047170,0.054,-0.3511026,52,-0.002772,4530.41,21387,212,54.3,0.097,0.013,1879,93.2,26,0.85,54.5,-14.5,-10.47,0.004822,0.010088,0.01595,0.023345,0.025118,0.024599,0.02338,0.024476,0.005,0.03,-59202
4/30/2022,0.0534826,0.062,0.0508,0.058,0.069,272,0.037,57.9,55.6,83.6,1,636,0.061,0.04,3040005,0.038,-0.3031101,48,-0.000694,4131.93,24286,219,62.5,0.079,-0.002,1835,93.2,27,0.82,53.7,-1.5,-10.47,0.008229,0.013959,0.020581,0.027146,0.028859,0.029549,0.029336,0.029972,0.005,5.78,-89523
5/31/2022,0.051858,0.06,0.0521,0.056,0.069,286,0.036,56.9,56.1,82,0.1,648,0.061,-0.33,3007194,0.024,-0.2380533,51,-0.000876,4132.15,20712,201,55.2,0.062,0.006,1712,93.1,25,0.79,55.3,-1.5,-10.47,0.010392,0.015553,0.020501,0.025565,0.027248,0.028173,0.028441,0.030451,0.01,11,-128118
6/30/2022,0.0532345,0.059,0.054,0.054,0.037,420,0.036,55.9,53.4,79.9,0.7,543,0.061,-0.22,2990677,0.008,-0.1480958,49,-0.00074,3785.38,32517,213,47.5,0.057,0.007,1745,89.5,23,0.79,50,-1.5,-10.47,0.016262,0.024579,0.027424,0.029533,0.030082,0.030379,0.030129,0.031827,0.0175,11,-102118
7/31/2022,0.0511269,0.059,0.0507,0.055,0.037,690,0.035,56.4,52.8,74.2,-0.1,519,0.061,0.19,2958159,-0.007,-0.2351673,37,-0.000222,4130.29,25810,229,47.3,0.049,0.002,1719,89.9,22,0.81,48.4,24.2,-10.47,0.023168,0.02837,0.02887,0.028844,0.028055,0.02676,0.026487,0.030097,0.025,10.49,-89864
8/31/2022,0.0535655,0.063,0.0568,0.054,0.037,243,0.036,55.9,52.8,72.1,0.8,644,0.061,0.17,2993760,-0.015,-0.2395752,32,-0.000311,3955,20485,210,58,0.038,0.013,1542,91.8,25,0.82,50.1,24.2,-10.47,0.029003,0.033318,0.034828,0.034929,0.035149,0.033508,0.031926,0.032926,0.025,7.43,-281600
9/30/2022,0.0560658,0.066,0.0646,0.051,0.074,255,0.035,55.7,50.8,69.6,0.6,556,0.061,0.03,2959509,-0.021,-0.104097,31,-0.000046,3585.62,29989,204,58,0.025,-0.016,1613,92.1,24,0.87,46.9,24.2,-10.47,0.032466,0.039029,0.039328,0.042787,0.042881,0.0409,0.038286,0.037759,0.0325,7.43,-319877
10/31/2022,0.0545996,0.063,0.064,0.05,0.074,361,0.036,54.7,50,70.3,0.5,577,0.061,-0.01,2924018,-0.036,-0.1446732,34,0.000373,3871.98,33843,202,56.2,0.013,0.006,1560,91.3,23,0.92,48.7,39.1,-10.47,0.040559,0.045359,0.046019,0.044824,0.044404,0.042283,0.040478,0.041639,0.0325,6.29,-349596
11/30/2022,0.0520074,0.06,0.0623,0.051,0.074,258,0.036,55.2,48.9,69.3,-0.7,596,0.061,-0.59,2900309,-0.051,-0.2123901,34,0.000324,4080.11,76835,209,55.5,0.002,-0.007,1402,91.9,24,0.94,46.4,39.1,-10.47,0.043196,0.046501,0.046863,0.043102,0.040492,0.037367,0.036054,0.037359,0.04,7.39,-528178
12/31/2022,0.0495164,0.057,0.0623,0.049,-0.024,136,0.035,49,48.1,67.4,0,632,0.025,-0.5,2908870,-0.064,-0.248378,24,0.000503,3839.5,43651,203,60,-0.011,0.004,1400,89.8,23,0.98,44.9,39.1,-5.37,0.043429,0.047532,0.046868,0.044258,0.042242,0.040039,0.038748,0.03963,0.045,7.39,-550645
1/31/2023,0.0462,0.056,0.0619,0.046,-0.024,482,0.034,54.7,47.4,66.7,2.6,639,0.025,0.66,2913506,-0.061,-0.3438221,29,0.00077,4076.6,102943,199,62.6,-0.018,0.012,1443,90.3,21,1.04,42.8,44.8,-5.37,0.046415,0.047962,0.046538,0.042011,0.038999,0.036171,0.035069,0.036322,0.045,9.25,-577165
2/28/2023,0.046679,0.055,0.0613,0.047,-0.024,287,0.036,55,47.7,65.1,-0.1,625,0.025,-0.43,2944244,-0.07,-0.2824868,25,0.000749,3970.15,77770,208,64.5,-0.023,-0.005,1620,90.9,21,1.11,47,44.8,-5.37,0.047687,0.051189,0.049773,0.048158,0.045264,0.041818,0.0392,0.039161,0.0475,4.8,-656575
3/31/2023,0.0477169,0.056,0.0581,0.046,0.035,146,0.035,51.2,46.5,60.2,-1.2,644,0.025,-0.49,2872707,-0.08,-0.1294854,26,0.000749,4109.31,89703,216,59.2,-0.039,-0.005,1493,90.1,20,1.12,44.6,44.8,-5.37,0.04693,0.048574,0.04591,0.040253,0.037879,0.035733,0.034676,0.036499,0.05,4.8,-525477
4/30/2023,0.0477842,0.055,0.0511,0.047,0.035,278,0.034,52.3,47,60,1,687,0.025,0.1,2950627,-0.083,-0.2388632,21,0.000723,4169.48,66995,214,60.6,-0.047,0.009,1470,89,19,1.11,45.5,46,-5.37,0.050302,0.050013,0.047404,0.040064,0.037157,0.034828,0.03422,0.036733,0.05,2.92,-546307
5/31/2023,0.0470851,0.053,0.0462,0.046,0.035,303,0.037,51,46.6,57.2,0.4,741,0.025,-0.16,2986213,-0.082,-0.2507285,29,0.000737,4179.83,80089,231,55.1,-0.041,0,1532,89.4,25,1.1,42.9,46,-5.37,0.053884,0.054199,0.051726,0.044027,0.040465,0.037547,0.036426,0.038611,0.0525,1.59,-969863
6/30/2023,0.043663,0.048,0.0401,0.047,0.026,240,0.036,53.6,46.4,54.8,0.3,666,0.025,-0.43,2998242,-0.081,-0.2581714,31,0.00068,4450.38,40709,248,61.1,-0.04,0.001,1493,91,25,1.13,45.7,46,-5.37,0.052836,0.05406,0.053922,0.048954,0.045273,0.041556,0.038367,0.038605,0.0525,1.59,-1014404
7/31/2023,0.0427258,0.047,0.0415,0.047,0.026,184,0.035,52.8,46.5,57.6,0.8,700,0.025,0.13,2995554,-0.078,-0.314536,27,0.000592,4588.96,23697,240,68.3,-0.041,-0.009,1501,91.9,27,1.17,47,50.8,-5.37,0.054001,0.054479,0.053779,0.048766,0.045249,0.041774,0.039588,0.040096,0.055,2.16,-1146046
8/31/2023,0.0378151,0.043,0.0405,0.045,0.026,210,0.038,54.1,47.6,58.7,0.1,652,0.025,-0.19,3002231,-0.079,-0.3591556,30,0.00067,4507.66,75151,234,65.4,-0.041,0.009,1578,91.3,24,1.21,46.4,50.8,-5.37,0.054354,0.054956,0.053844,0.048629,0.045542,0.042541,0.041081,0.042107,0.055,4.01,-1169856
9/30/2023,0.0365701,0.041,0.0391,0.045,0.012,246,0.038,53.4,48.6,58.6,0.6,694,0.025,-0.04,3003647,-0.081,-0.3452872,30,0.000109,4288.05,47457,216,65.8,-0.038,0.003,1515,90.8,24,1.28,48.6,50.8,-5.37,0.054459,0.055414,0.054484,0.050436,0.047991,0.04609,0.045711,0.046992,0.055,4.01,-1210300
10/31/2023,0.0344234,0.04,0.0375,0.043,0.012,165,0.038,51.9,46.9,58,0.3,673,0.025,-0.59,2990483,-0.081,-0.3337283,33,-0.000848,4193.8,36836,216,59.3,-0.036,-0.01,1534,90.7,24,1.3,46.2,33.9,-5.37,0.054623,0.055689,0.0545,0.050873,0.04926,0.048536,0.049307,0.050931,0.055,2.58,-1435448
11/30/2023,0.0322168,0.04,0.0393,0.043,0.012,182,0.037,52.5,46.6,57.6,0.2,611,0.025,0.21,2966872,-0.076,-0.4196297,34,-0.000744,4567.8,45510,213,56.8,-0.032,0.004,1508,90.6,23,1.35,47.8,33.9,-5.37,0.053876,0.053991,0.051172,0.046802,0.044419,0.042663,0.043264,0.044932,0.055,0.55,-1288831
12/31/2023,0.0303564,0.039,0.0391,0.043,0.009,290,0.037,50.5,47.1,56.7,0.6,654,0.029,-0.11,2958250,-0.071,-0.4812151,32,-0.000981,4769.83,34817,198,67.4,-0.026,0.006,1530,91.9,24,1.36,47,33.9,-6.46,0.053323,0.052462,0.047622,0.042499,0.040088,0.038471,0.038791,0.040282,0.055,0.55,-1265083
1/31/2024,0.0306485,0.039,0.0429,0.044,0.009,256,0.037,53.4,49.1,64,-0.4,664,0.029,-0.81,2923688,-0.071,-0.4897403,33,-0.001437,4845.65,82307,225,77.1,-0.022,-0.006,1508,89.9,23,1.41,52.5,14.5,-6.46,0.053597,0.051938,0.047069,0.042067,0.039824,0.038354,0.039124,0.04166,0.055,1.54,-1307001
2/29/2024,0.0292889,0.038,0.043,0.043,0.009,236,0.039,52.6,47.8,58.6,0,643,0.029,0.39,2937177,-0.065,-0.4795119,30,-0.001367,5096.27,84638,213,75.2,-0.017,0.005,1563,89.4,21,1.38,49.2,14.5,-6.46,0.053798,0.053215,0.049981,0.046187,0.044146,0.042447,0.042502,0.043789,0.055,0.47,-943898
3/31/2024,0.0297961,0.038,0.048,0.041,0.085,310,0.038,51.4,50.3,53.4,0.9,683,0.029,-0.15,2936743,-0.055,-0.4821729,33,-0.001543,5254.35,90309,222,77.4,0,-0.002,1485,88.5,20,1.36,51.4,14.5,-6.46,0.053618,0.053153,0.050238,0.0462,0.044089,0.042125,0.042003,0.043427,0.055,0.47,-913896
4/30/2024,0.0288506,0.036,0.0491,0.039,0.085,108,0.039,49.4,49.2,59.2,-0.3,736,0.029,-0.39,2956497,-0.055,-0.4754671,26,-0.001835,5035.69,64789,209,76,0.008,0.002,1440,89.7,22,1.33,49.1,15.6,-6.46,0.053918,0.0539,0.052354,0.050351,0.048751,0.047154,0.046798,0.047839,0.055,1.37,-1016443
5/31/2024,0.0266749,0.034,0.0483,0.04,0.085,216,0.04,53.8,48.7,58.1,0.4,672,0.029,0.18,2929930,-0.052,-0.5236316,28,-0.001777,5277.51,63816,229,68.8,0.007,-0.009,1399,90.5,23,1.31,45.4,15.6,-6.46,0.054009,0.053788,0.051754,0.048727,0.046798,0.04507,0.044985,0.046472,0.055,0.71,-979819
6/30/2024,0.0263048,0.033,0.0467,0.038,0.024,118,0.041,48.8,48.5,56.3,0.9,672,0.029,-0.15,2926814,-0.049,-0.5193021,26,-0.001947,5460.48,48786,239,69.6,0.011,0.006,1454,91.5,23,1.31,49.3,15.6,-6.46,0.053549,0.053218,0.0511,0.047535,0.0455,0.043765,0.043961,0.045583,0.055,0.71,-1261457
7/30/2024,0.0263048,0.033,0.0467,0.038,0.024,118,0.041,48.8,48.5,56.3,0.9,672,0.029,-0.15,2926758,-0.049,-0.5108182,26,-0.002213,5436.44,48786,250,69.6,0.011,0.006,1454,91.5,23,1.31,49.3,15.6,-6.46,0.052822,0.051102,0.047939,0.043585,0.041701,0.040331,0.041394,0.043948,0.055,-2.47,-1103672
8/30/2024,0.0266196,0.032,0.0448,0.036,0.024,144,0.043,51.4,46.8,57,0.4,726,0.029,-0.26,2922268,-0.051,-0.5131036,24,-0.002183,5648.4,25885,228,68.8,0.013,-0.003,1406,93.7,23,1.34,47.4,7.9,-6.46,0.051117,0.048568,0.044023,0.039165,0.037777,0.037027,0.039034,0.041955,0.055,-4.87,-1029110
9/30/2024,0.0265078,0.033,0.0427,0.039,0.019,223,0.041,54.9,47.2,59.4,0.7,738,0.029,-0.28,2940102,-0.048,-0.5371817,25,-0.002188,5762.48,72821,225,74.4,0.026,0.007,1428,91.5,19,1.39,46.1,7.9,-6.46,0.046169,0.044036,0.040021,0.036411,0.035486,0.035585,0.037809,0.041191,0.05,-4.87,-1046560
10/30/2024,0.0265078,0.033,0.0427,0.039,0.019,223,0.041,54.9,47.2,59.4,0.7,738,0.029,-0.28,2941663,-0.048,-0.5246379,25,-0.002191,5813.67,72821,218,74.4,0.026,0.007,1428,91.5,19,1.39,46.1,7.9,-6.46,0.045761,0.044725,0.0428,0.041826,0.041466,0.041617,0.043004,0.045035,0.05,-2.58,-1479361
11/30/2024,0.0265078,0.033,0.0427,0.04,0.019,12,0.041,56,46.5,58.1,0.7,738,0.029,-0.28,2945926,-0.048,-0.5173227,26,-0.002186,6001.35,55597,221,74.1,0.026,0.007,1428,93.7,22,1.39,47.1,7.9,-6.46,0.04524,0.04438,0.042944,0.042539,0.041978,0.041915,0.043043,0.044696,0.0475,-2.58,-1486359
